rule_name,rule_categories,rule_source,coverage,inspection_ids,inspection_names,inspection_severities,analysis_constructor,implementation,fixtures,test_spec,test_cases,gap_class,divergence_or_reason
PrecisionLoss,CODE-QUALITY,https://github.com/input-output-hk/Cardano-CWE-Research/blob/10eeea42c9b18d37cc2985c02b8b6987c0bb1c13/rules/PrecisionLoss.md,direct,PLU-STAN-16,Precision loss: division before multiplication,Warning,PrecisionLossDivisionBeforeMultiply,src/Stan/Analysis/Research.hs:researchFindings,target/Target/PlutusTx.hs;target/Target/Research.hs,plustan16Spec;CLI:test/cwe-conformance.json,10,,Representative contract and limitations: docs/cwe-conformance.md. Measured by the CLI corpus in test/cwe-conformance.json; mapping alone does not assert passing acceptance.
EmptyStringADACheck,CODE-QUALITY,https://github.com/input-output-hk/Cardano-CWE-Research/blob/10eeea42c9b18d37cc2985c02b8b6987c0bb1c13/rules/EmptyStringADACheck.md,direct,PLU-STAN-24,Empty string used to detect ADA,Style,FindAst,src/Stan/Inspection/AntiPattern.hs (declarative FindAst pattern),target/Target/PlutusTx.hs;target/Target/Research.hs,plustan24Spec;CLI:test/cwe-conformance.json,8,,Representative contract and limitations: docs/cwe-conformance.md. Measured by the CLI corpus in test/cwe-conformance.json; mapping alone does not assert passing acceptance.
UnstableMakeIsData,SECURITY,https://github.com/input-output-hk/Cardano-CWE-Research/blob/10eeea42c9b18d37cc2985c02b8b6987c0bb1c13/rules/UnstableMakeIsData.md,direct,PLU-STAN-23,unstableMakeIsData assigns unstable constructor indices,Warning,UnstableMakeIsDataUsage,src/Stan/Analysis/Analyser.hs:analyseUnstableMakeIsDataUsage,target/Target/PlutusTx.hs;target/Target/Research.hs,plustan23Spec;CLI:test/cwe-conformance.json,6,,Representative contract and limitations: docs/cwe-conformance.md. Measured by the CLI corpus in test/cwe-conformance.json; mapping alone does not assert passing acceptance.
ZipWithoutLengthCheck,CODE-QUALITY;SECURITY,https://github.com/input-output-hk/Cardano-CWE-Research/blob/10eeea42c9b18d37cc2985c02b8b6987c0bb1c13/rules/ZipWithoutLengthCheck.md,direct,PLU-STAN-26,zip without a length check,Warning,ZipWithoutLengthCheck,src/Stan/Analysis/Research.hs:researchFindings,target/Target/PlutusTx.hs;target/Target/Research.hs,plustan26Spec;CLI:test/cwe-conformance.json,15,,Representative contract and limitations: docs/cwe-conformance.md. Measured by the CLI corpus in test/cwe-conformance.json; mapping alone does not assert passing acceptance.
MissingAddressValidation,SECURITY,https://github.com/input-output-hk/Cardano-CWE-Research/blob/10eeea42c9b18d37cc2985c02b8b6987c0bb1c13/rules/MissingAddressValidation.md,direct,PLU-STAN-22;PLU-STAN-28,TxOut validation misses address checks;Output validation misses address constraints,Warning;Warning,MissingTxOutAddressCheck;ResearchRule,src/Stan/Analysis/Analyser.hs:analyseMissingTxOutAddressCheck;src/Stan/Analysis/Research.hs:researchFindings,target/Target/PlutusTx.hs;target/Target/Research.hs,plustan22Spec;CLI:test/cwe-conformance.json,3;8,,Representative contract and limitations: docs/cwe-conformance.md. Measured by the CLI corpus in test/cwe-conformance.json; mapping alone does not assert passing acceptance.
MissingStakingValidation,SECURITY,https://github.com/input-output-hk/Cardano-CWE-Research/blob/10eeea42c9b18d37cc2985c02b8b6987c0bb1c13/rules/MissingStakingValidation.md,direct,PLU-STAN-14;PLU-STAN-04;PLU-STAN-29,TxOut validation misses staking credential checks;Usage of eq instance of ScriptHash/PublicKeyHash/Credential;Output validation misses staking constraints,Warning;Warning;Warning,MissingTxOutStakingCredentialCheck;FindAst;ResearchRule,src/Stan/Analysis/Analyser.hs:analyseMissingTxOutStakingCredentialCheck;src/Stan/Inspection/AntiPattern.hs (declarative FindAst pattern);src/Stan/Analysis/Research.hs:researchFindings,target/Target/PlutusTx.hs;target/Target/Research.hs,plustan14Spec;plustan04Spec;CLI:test/cwe-conformance.json,18;4;5,,Representative contract and limitations: docs/cwe-conformance.md. Measured by the CLI corpus in test/cwe-conformance.json; mapping alone does not assert passing acceptance.
UnvalidatedReferenceScript,PERFORMANCE,https://github.com/input-output-hk/Cardano-CWE-Research/blob/10eeea42c9b18d37cc2985c02b8b6987c0bb1c13/rules/UnvalidatedReferenceScript.md,direct,PLU-STAN-13;PLU-STAN-30,TxOut validation misses reference script checks;Output validation misses reference script constraints,Warning;Warning,MissingTxOutReferenceScriptCheck;ResearchRule,src/Stan/Analysis/Analyser.hs:analyseMissingTxOutReferenceScriptCheck;src/Stan/Analysis/Research.hs:researchFindings,target/Target/PlutusTx.hs;target/Target/Research.hs,plustan13Spec;CLI:test/cwe-conformance.json,21;5,,Representative contract and limitations: docs/cwe-conformance.md. Measured by the CLI corpus in test/cwe-conformance.json; mapping alone does not assert passing acceptance.
UnvalidatedDatum,SECURITY,https://github.com/input-output-hk/Cardano-CWE-Research/blob/10eeea42c9b18d37cc2985c02b8b6987c0bb1c13/rules/UnvalidatedDatum.md,direct,PLU-STAN-19;PLU-STAN-31,TxOut validation misses datum checks;Output validation misses datum constraints,Warning;Warning,MissingTxOutDatumCheck;ResearchRule,src/Stan/Analysis/Analyser.hs:analyseMissingTxOutDatumCheck;src/Stan/Analysis/Research.hs:researchFindings,target/Target/PlutusTx.hs;target/Target/Research.hs,plustan19Spec;CLI:test/cwe-conformance.json,12;5,,Representative contract and limitations: docs/cwe-conformance.md. Measured by the CLI corpus in test/cwe-conformance.json; mapping alone does not assert passing acceptance.
TrashTokens,PERFORMANCE;SECURITY,https://github.com/input-output-hk/Cardano-CWE-Research/blob/10eeea42c9b18d37cc2985c02b8b6987c0bb1c13/rules/TrashTokens.md,direct,PLU-STAN-15;PLU-STAN-32,TxOut validation misses value checks;Output permits unconstrained tokens,Warning;Warning,MissingTxOutValueCheck;ResearchRule,src/Stan/Analysis/Analyser.hs:analyseMissingTxOutValueCheck;src/Stan/Analysis/Research.hs:researchFindings,target/Target/PlutusTx.hs;target/Target/Research.hs,plustan15Spec;CLI:test/cwe-conformance.json,11;6,,Representative contract and limitations: docs/cwe-conformance.md. Measured by the CLI corpus in test/cwe-conformance.json; mapping alone does not assert passing acceptance.
UncheckedRedeemer,SECURITY,https://github.com/input-output-hk/Cardano-CWE-Research/blob/10eeea42c9b18d37cc2985c02b8b6987c0bb1c13/rules/UncheckedRedeemer.md,direct,PLU-STAN-25;PLU-STAN-33,Script-input dependency without a redeemer check;Script input dependency misses corresponding redeemer validation,Warning;Warning,ScriptInputDependencyWithoutRedeemer;ResearchRule,src/Stan/Analysis/Analyser.hs:analyseScriptInputDependencyWithoutRedeemer;src/Stan/Analysis/Research.hs:researchFindings,target/Target/PlutusTx.hs;target/Target/Research.hs,plustan25Spec;CLI:test/cwe-conformance.json,5;8,,Representative contract and limitations: docs/cwe-conformance.md. Measured by the CLI corpus in test/cwe-conformance.json; mapping alone does not assert passing acceptance.
ReadOnlySpend,PERFORMANCE;SECURITY,https://github.com/input-output-hk/Cardano-CWE-Research/blob/10eeea42c9b18d37cc2985c02b8b6987c0bb1c13/rules/ReadOnlySpend.md,direct,PLU-STAN-27;PLU-STAN-34,Input spent only to be recreated identically;Unchanged datum is spent and recreated,Performance;Performance,SpendAndRecreateInsteadOfReferenceInput;ResearchRule,src/Stan/Analysis/Analyser.hs:analyseSpendAndRecreateInsteadOfReferenceInput;src/Stan/Analysis/Research.hs:researchFindings,target/Target/PlutusTx.hs;target/Target/Research.hs,plustan27Spec;CLI:test/cwe-conformance.json,3;6,,Representative contract and limitations: docs/cwe-conformance.md. Measured by the CLI corpus in test/cwe-conformance.json; mapping alone does not assert passing acceptance.
ValidityRangeBound,SECURITY,https://github.com/input-output-hk/Cardano-CWE-Research/blob/10eeea42c9b18d37cc2985c02b8b6987c0bb1c13/rules/ValidityRangeBound.md,direct,PLU-STAN-12;PLU-STAN-35,Validity interval / POSIX time misuse;Validity range lacks a maximum duration,Warning;Warning,ValidityIntervalMisuse;ResearchRule,src/Stan/Analysis/Analyser.hs:analyseValidityIntervalMisuse;src/Stan/Analysis/Research.hs:researchFindings,target/Target/PlutusTx.hs;target/Target/Research.hs,plustan12Spec;CLI:test/cwe-conformance.json,13;9,,Representative contract and limitations: docs/cwe-conformance.md. Measured by the CLI corpus in test/cwe-conformance.json; mapping alone does not assert passing acceptance.
DatumComparisonOptimization,PERFORMANCE,https://github.com/input-output-hk/Cardano-CWE-Research/blob/10eeea42c9b18d37cc2985c02b8b6987c0bb1c13/rules/DatumComparisonOptimization.md,direct,PLU-STAN-02;PLU-STAN-36,PlutusTx.UnsafeFromData unsafeFromBuiltinData;Decoded datum used in field equality,Performance;Performance,FindAst;ResearchRule,src/Stan/Inspection/AntiPattern.hs (declarative FindAst pattern);src/Stan/Analysis/Research.hs:researchFindings,target/Target/PlutusTx.hs;target/Target/Research.hs,plustan02Spec;CLI:test/cwe-conformance.json,1;4,,Representative contract and limitations: docs/cwe-conformance.md. Measured by the CLI corpus in test/cwe-conformance.json; mapping alone does not assert passing acceptance.
PartialUnvalidatedDatum,SECURITY,https://github.com/input-output-hk/Cardano-CWE-Research/blob/10eeea42c9b18d37cc2985c02b8b6987c0bb1c13/rules/PartialUnvalidatedDatum.md,adjacent,PLU-STAN-19,TxOut validation misses datum checks,Warning,MissingTxOutDatumCheck,src/Stan/Analysis/Analyser.hs:analyseMissingTxOutDatumCheck,target/Target/PlutusTx.hs;target/Target/Research.hs,plustan19Spec,12,disjoint,Not counted: checking that some datum validation exists does not establish validation of every datum field.
IncompleteTokenValidation,SECURITY,https://github.com/input-output-hk/Cardano-CWE-Research/blob/10eeea42c9b18d37cc2985c02b8b6987c0bb1c13/rules/IncompleteTokenValidation.md,direct,PLU-STAN-09;PLU-STAN-11;PLU-STAN-37,valueOf in boolean conditions;currencySymbolValueOf usage;Flattened token tuple is incompletely validated,Warning;Warning;Warning,ValueOfInComparison;CurrencySymbolValueOfOnMintedValue;ResearchRule,src/Stan/Analysis/Analyser.hs:analyseValueOfInComparison;src/Stan/Analysis/Analyser.hs:analyseCurrencySymbolValueOfOnMintedValue;src/Stan/Analysis/Research.hs:researchFindings,target/Target/PlutusTx.hs;target/Target/Research.hs,plustan09Spec;plustan11Spec;CLI:test/cwe-conformance.json,5;7;7,,Representative contract and limitations: docs/cwe-conformance.md. Measured by the CLI corpus in test/cwe-conformance.json; mapping alone does not assert passing acceptance.
StrictValueEquality,SECURITY,https://github.com/input-output-hk/Cardano-CWE-Research/blob/10eeea42c9b18d37cc2985c02b8b6987c0bb1c13/rules/StrictValueEquality.md,direct,PLU-STAN-09;PLU-STAN-15;PLU-STAN-38,valueOf in boolean conditions;TxOut validation misses value checks;Exact ADA output equality,Warning;Warning;Warning,ValueOfInComparison;MissingTxOutValueCheck;ResearchRule,src/Stan/Analysis/Analyser.hs:analyseValueOfInComparison;src/Stan/Analysis/Analyser.hs:analyseMissingTxOutValueCheck;src/Stan/Analysis/Research.hs:researchFindings,target/Target/PlutusTx.hs;target/Target/Research.hs,plustan09Spec;plustan15Spec;CLI:test/cwe-conformance.json,5;11;5,,Representative contract and limitations: docs/cwe-conformance.md. Measured by the CLI corpus in test/cwe-conformance.json; mapping alone does not assert passing acceptance.
UnvalidatedInputIndex,SECURITY,https://github.com/input-output-hk/Cardano-CWE-Research/blob/10eeea42c9b18d37cc2985c02b8b6987c0bb1c13/rules/UnvalidatedInputIndex.md,direct,PLU-STAN-17;PLU-STAN-39,Redeemer-supplied indices must be unique;Selected input lacks token identity validation,Warning;Warning,RedeemerSuppliedIndicesUniqueness;ResearchRule,src/Stan/Analysis/Analyser.hs:analyseRedeemerSuppliedIndicesUniqueness;src/Stan/Analysis/Research.hs:researchFindings,target/Target/PlutusTx.hs;target/Target/Research.hs,plustan17Spec;CLI:test/cwe-conformance.json,13;7,,Representative contract and limitations: docs/cwe-conformance.md. Measured by the CLI corpus in test/cwe-conformance.json; mapping alone does not assert passing acceptance.
ListUniqueness,SECURITY,https://github.com/input-output-hk/Cardano-CWE-Research/blob/10eeea42c9b18d37cc2985c02b8b6987c0bb1c13/rules/ListUniqueness.md,adjacent,PLU-STAN-17,Redeemer-supplied indices must be unique,Warning,RedeemerSuppliedIndicesUniqueness,src/Stan/Analysis/Analyser.hs:analyseRedeemerSuppliedIndicesUniqueness,target/Target/PlutusTx.hs;target/Target/Research.hs,plustan17Spec,13,disjoint,Not counted: integer-index uniqueness is a different concern from identity-list uniqueness.
HelperFunctions,CODE-QUALITY;PERFORMANCE,https://github.com/input-output-hk/Cardano-CWE-Research/blob/10eeea42c9b18d37cc2985c02b8b6987c0bb1c13/rules/HelperFunctions.md,direct,PLU-STAN-05;PLU-STAN-40,Higher-order helpers in on-chain code;Trivial forwarding or pattern matching helper,Performance;Performance,FindAst;ResearchRule,src/Stan/Inspection/AntiPattern.hs (declarative FindAst pattern);src/Stan/Analysis/Research.hs:researchFindings,target/Target/PlutusTx.hs;target/Target/Research.hs,plustan05Spec;CLI:test/cwe-conformance.json,1;4,,Representative contract and limitations: docs/cwe-conformance.md. Measured by the CLI corpus in test/cwe-conformance.json; mapping alone does not assert passing acceptance.
NoBurningLogic,CODE-QUALITY;SECURITY,https://github.com/input-output-hk/Cardano-CWE-Research/blob/10eeea42c9b18d37cc2985c02b8b6987c0bb1c13/rules/NoBurningLogic.md,none,,,,,,,,,blocked,"Unmerged implementation in PR #39; excluded from the numerator, included in the denominator."
ImmutableCredential,CODE-QUALITY;SECURITY,https://github.com/input-output-hk/Cardano-CWE-Research/blob/10eeea42c9b18d37cc2985c02b8b6987c0bb1c13/rules/ImmutableCredential.md,direct,PLU-STAN-21,Immutable credentials baked into validators,Warning,ImmutableCredential,src/Stan/Analysis/Analyser.hs:analyseImmutableCredential,target/Target/PlutusTx.hs;target/Target/Research.hs,plustan21Spec;CLI:test/cwe-conformance.json,22,,Representative contract and limitations: docs/cwe-conformance.md. Measured by the CLI corpus in test/cwe-conformance.json; mapping alone does not assert passing acceptance.
DoubleSatisfaction,SECURITY,https://github.com/input-output-hk/Cardano-CWE-Research/blob/10eeea42c9b18d37cc2985c02b8b6987c0bb1c13/rules/DoubleSatisfaction.md,none,,,,,,,,,deferred,Not counted: operation-to-payment attribution needs a separately reviewed detection contract. Retained in the denominator.
FixedStructureMap,CODE-QUALITY,https://github.com/input-output-hk/Cardano-CWE-Research/blob/10eeea42c9b18d37cc2985c02b8b6987c0bb1c13/rules/FixedStructureMap.md,direct,PLU-STAN-41,Fixed string keys used in a datum map,Style,ResearchRule,src/Stan/Analysis/Research.hs:researchFindings,target/Target/PlutusTx.hs;target/Target/Research.hs,CLI:test/cwe-conformance.json,4,,Representative contract and limitations: docs/cwe-conformance.md. Measured by the CLI corpus in test/cwe-conformance.json; mapping alone does not assert passing acceptance.
,,,tool-only,PLU-STAN-01,Signature verification builtin usage must satisfy invariants,Warning,FindAst,src/Stan/Inspection/AntiPattern.hs (declarative FindAst pattern),target/Target/PlutusTx.hs,plustan01Spec,3,tool-only,No corresponding rule in Cardano-CWE-Research
,,,tool-only,PLU-STAN-03,No usage of Optional types in on-chain code,Warning,FindAst,src/Stan/Inspection/AntiPattern.hs (declarative FindAst pattern),target/Target/PlutusTx.hs,plustan03Spec,1,tool-only,No corresponding rule in Cardano-CWE-Research
,,,tool-only,PLU-STAN-06,Multiple list traversals in on-chain code,Performance,FindAst,src/Stan/Inspection/AntiPattern.hs (declarative FindAst pattern),target/Target/PlutusTx.hs,plustan06Spec,1,tool-only,No corresponding rule in Cardano-CWE-Research
,,,tool-only,PLU-STAN-07,Guard syntax in on-chain code,Performance,FindAst,src/Stan/Inspection/AntiPattern.hs (declarative FindAst pattern),target/Target/PlutusTx.hs,plustan07Spec,1,tool-only,No corresponding rule in Cardano-CWE-Research
,,,tool-only,PLU-STAN-08,Non-strict let binding used multiple times,Performance,NonStrictLetMultiUse,src/Stan/Analysis/Analyser.hs:analyseNonStrictLetMultiUse,target/Target/PlutusTx.hs,plustan08Spec,13,tool-only,No corresponding rule in Cardano-CWE-Research
,,,tool-only,PLU-STAN-10,Unvalidated hashes from BuiltinData in equality comparisons,Warning,UnsafeFromBuiltinDataInHashComparison,src/Stan/Analysis/Analyser.hs:analyseUnsafeFromBuiltinDataInHashComparison,target/Target/PlutusTx.hs,plustan10Spec,8,tool-only,No corresponding rule in Cardano-CWE-Research
,,,tool-only,PLU-STAN-18,Avoid lazy (&&) in on-chain code,Warning,LazyAndInOnChainCode,src/Stan/Analysis/Analyser.hs:analyseLazyAndInOnChainCode,target/Target/PlutusTx.hs,plustan18Spec,7,tool-only,No corresponding rule in Cardano-CWE-Research
